x1,x2,x3,x4,y
2018,CO2,Power,AT,2.1166235118809094
2025,CO2,Power,AT,0.0
2030,CO2,Power,AT,0.0
2035,CO2,Power,AT,0.0
2040,CO2,Power,AT,0.0
2045,CO2,Power,AT,0.0
2050,CO2,Power,AT,0.0
2018,CO2,Industry,AT,14.278514301803028
2025,CO2,Industry,AT,0.4813177058330516
2030,CO2,Industry,AT,0.0
2035,CO2,Industry,AT,0.0
2040,CO2,Industry,AT,0.0
2045,CO2,Industry,AT,0.0
2050,CO2,Industry,AT,0.0
2018,CO2,Buildings,AT,12.930820976023572
2025,CO2,Buildings,AT,0.0
2030,CO2,Buildings,AT,0.0
2035,CO2,Buildings,AT,0.0
2040,CO2,Buildings,AT,0.0
2045,CO2,Buildings,AT,0.0
2050,CO2,Buildings,AT,0.0
2018,CO2,Transportation,AT,2.7358876683827535
2025,CO2,Transportation,AT,0.4928253403738131
2030,CO2,Transportation,AT,0.3360710716538452
2035,CO2,Transportation,AT,0.03972175704268333
2040,CO2,Transportation,AT,0.017774453147399054
2045,CO2,Transportation,AT,0.01741070363850278
2050,CO2,Transportation,AT,0.010371920966893659
2018,CO2,Resources,AT,0.0
2025,CO2,Resources,AT,0.0
2030,CO2,Resources,AT,0.0
2035,CO2,Resources,AT,0.0
2040,CO2,Resources,AT,0.0
2045,CO2,Resources,AT,0.0
2050,CO2,Resources,AT,0.0
2018,CO2,Storages,AT,0.0
2025,CO2,Storages,AT,0.0
2030,CO2,Storages,AT,0.0
2035,CO2,Storages,AT,0.0
2040,CO2,Storages,AT,0.0
2045,CO2,Storages,AT,0.0
2050,CO2,Storages,AT,0.0
2018,CO2,Transformation,AT,0.0
2025,CO2,Transformation,AT,0.0
2030,CO2,Transformation,AT,0.0
2035,CO2,Transformation,AT,0.0
2040,CO2,Transformation,AT,0.0
2045,CO2,Transformation,AT,0.0
2050,CO2,Transformation,AT,0.0
2018,CO2,CHP,AT,1.531056240743412
2025,CO2,CHP,AT,0.2681181304407059
2030,CO2,CHP,AT,0.0
2035,CO2,CHP,AT,0.0
2040,CO2,CHP,AT,0.0
2045,CO2,CHP,AT,0.0
2050,CO2,CHP,AT,0.0
2018,CO2,Infeasibility,AT,0.0
2025,CO2,Infeasibility,AT,0.0
2030,CO2,Infeasibility,AT,0.0
2035,CO2,Infeasibility,AT,0.0
2040,CO2,Infeasibility,AT,0.0
2045,CO2,Infeasibility,AT,0.0
2050,CO2,Infeasibility,AT,0.0
2018,CO2,Power,BE,2.7157362355199997
2025,CO2,Power,BE,0.0
2030,CO2,Power,BE,0.0
2035,CO2,Power,BE,0.0
2040,CO2,Power,BE,0.0
2045,CO2,Power,BE,0.0
2050,CO2,Power,BE,0.0
2018,CO2,Industry,BE,29.310014125092245
2025,CO2,Industry,BE,2.2781945176677088
2030,CO2,Industry,BE,0.0
2035,CO2,Industry,BE,0.0
2040,CO2,Industry,BE,0.0
2045,CO2,Industry,BE,0.0
2050,CO2,Industry,BE,0.0
2018,CO2,Buildings,BE,21.278638173630878
2025,CO2,Buildings,BE,2.613872915566915
2030,CO2,Buildings,BE,0.0
2035,CO2,Buildings,BE,0.0
2040,CO2,Buildings,BE,0.0
2045,CO2,Buildings,BE,0.0
2050,CO2,Buildings,BE,0.0
2018,CO2,Transportation,BE,3.1402693512699997
2025,CO2,Transportation,BE,0.6071081866449344
2030,CO2,Transportation,BE,0.4374049518364335
2035,CO2,Transportation,BE,0.08688012977471567
2040,CO2,Transportation,BE,0.06377157219538679
2045,CO2,Transportation,BE,0.062429571197421416
2050,CO2,Transportation,BE,0.012627306409694526
2018,CO2,Resources,BE,0.0
2025,CO2,Resources,BE,0.0
2030,CO2,Resources,BE,0.0
2035,CO2,Resources,BE,0.0
2040,CO2,Resources,BE,0.0
2045,CO2,Resources,BE,0.0
2050,CO2,Resources,BE,0.0
2018,CO2,Storages,BE,0.0
2025,CO2,Storages,BE,0.0
2030,CO2,Storages,BE,0.0
2035,CO2,Storages,BE,0.0
2040,CO2,Storages,BE,0.0
2045,CO2,Storages,BE,0.0
2050,CO2,Storages,BE,0.0
2018,CO2,Transformation,BE,0.0
2025,CO2,Transformation,BE,0.0
2030,CO2,Transformation,BE,0.0
2035,CO2,Transformation,BE,0.0
2040,CO2,Transformation,BE,0.0
2045,CO2,Transformation,BE,0.0
2050,CO2,Transformation,BE,0.0
2018,CO2,CHP,BE,0.7281729671676681
2025,CO2,CHP,BE,0.9513356630334984
2030,CO2,CHP,BE,0.0
2035,CO2,CHP,BE,0.0
2040,CO2,CHP,BE,0.0
2045,CO2,CHP,BE,0.0
2050,CO2,CHP,BE,0.0
2018,CO2,Infeasibility,BE,0.0
2025,CO2,Infeasibility,BE,0.0
2030,CO2,Infeasibility,BE,0.0
2035,CO2,Infeasibility,BE,0.0
2040,CO2,Infeasibility,BE,0.0
2045,CO2,Infeasibility,BE,0.0
2050,CO2,Infeasibility,BE,0.0
2018,CO2,Power,BG,15.383669294962235
2025,CO2,Power,BG,0.0
2030,CO2,Power,BG,0.0
2035,CO2,Power,BG,0.0
2040,CO2,Power,BG,0.0
2045,CO2,Power,BG,0.0
2050,CO2,Power,BG,0.0
2018,CO2,Industry,BG,5.452191786651554
2025,CO2,Industry,BG,0.17643209311563995
2030,CO2,Industry,BG,0.0
2035,CO2,Industry,BG,0.0
2040,CO2,Industry,BG,0.0
2045,CO2,Industry,BG,0.0
2050,CO2,Industry,BG,0.0
2018,CO2,Buildings,BG,4.214550576667451
2025,CO2,Buildings,BG,0.0
2030,CO2,Buildings,BG,0.0
2035,CO2,Buildings,BG,0.0
2040,CO2,Buildings,BG,0.0
2045,CO2,Buildings,BG,0.0
2050,CO2,Buildings,BG,0.0
2018,CO2,Transportation,BG,1.2095193755853553
2025,CO2,Transportation,BG,0.2503438816330501
2030,CO2,Transportation,BG,0.18350154990750678
2035,CO2,Transportation,BG,0.03642329430363145
2040,CO2,Transportation,BG,0.028794538767771
2045,CO2,Transportation,BG,0.02818996914636697
2050,CO2,Transportation,BG,0.006619571179104323
2018,CO2,Resources,BG,0.0
2025,CO2,Resources,BG,0.0
2030,CO2,Resources,BG,0.0
2035,CO2,Resources,BG,0.0
2040,CO2,Resources,BG,0.0
2045,CO2,Resources,BG,0.0
2050,CO2,Resources,BG,0.0
2018,CO2,Storages,BG,0.0
2025,CO2,Storages,BG,0.0
2030,CO2,Storages,BG,0.0
2035,CO2,Storages,BG,0.0
2040,CO2,Storages,BG,0.0
2045,CO2,Storages,BG,0.0
2050,CO2,Storages,BG,0.0
2018,CO2,Transformation,BG,0.0
2025,CO2,Transformation,BG,0.0
2030,CO2,Transformation,BG,0.0
2035,CO2,Transformation,BG,0.0
2040,CO2,Transformation,BG,0.0
2045,CO2,Transformation,BG,0.0
2050,CO2,Transformation,BG,0.0
2018,CO2,CHP,BG,1.7781910438191928
2025,CO2,CHP,BG,0.08479188351168304
2030,CO2,CHP,BG,0.0
2035,CO2,CHP,BG,0.0
2040,CO2,CHP,BG,0.0
2045,CO2,CHP,BG,0.0
2050,CO2,CHP,BG,0.0
2018,CO2,Infeasibility,BG,0.0
2025,CO2,Infeasibility,BG,0.0
2030,CO2,Infeasibility,BG,0.0
2035,CO2,Infeasibility,BG,0.0
2040,CO2,Infeasibility,BG,0.0
2045,CO2,Infeasibility,BG,0.0
2050,CO2,Infeasibility,BG,0.0
2018,CO2,Power,CH,0.0
2025,CO2,Power,CH,0.0
2030,CO2,Power,CH,0.0
2035,CO2,Power,CH,0.0
2040,CO2,Power,CH,0.0
2045,CO2,Power,CH,0.0
2050,CO2,Power,CH,0.0
2018,CO2,Industry,CH,5.955360381573324
2025,CO2,Industry,CH,0.0
2030,CO2,Industry,CH,0.0
2035,CO2,Industry,CH,0.0
2040,CO2,Industry,CH,0.0
2045,CO2,Industry,CH,0.0
2050,CO2,Industry,CH,0.0
2018,CO2,Buildings,CH,13.313127150296191
2025,CO2,Buildings,CH,2.140554716302857
2030,CO2,Buildings,CH,0.0
2035,CO2,Buildings,CH,0.0
2040,CO2,Buildings,CH,0.0
2045,CO2,Buildings,CH,0.0
2050,CO2,Buildings,CH,0.0
2018,CO2,Transportation,CH,1.9972600651263188
2025,CO2,Transportation,CH,0.36692602586591844
2030,CO2,Transportation,CH,0.27231009656276217
2035,CO2,Transportation,CH,0.02484584126681809
2040,CO2,Transportation,CH,0.012353781281457695
2045,CO2,Transportation,CH,0.012107958950177921
2050,CO2,Transportation,CH,0.011864940409388942
2018,CO2,Resources,CH,0.0
2025,CO2,Resources,CH,0.0
2030,CO2,Resources,CH,0.0
2035,CO2,Resources,CH,0.0
2040,CO2,Resources,CH,0.0
2045,CO2,Resources,CH,0.0
2050,CO2,Resources,CH,0.0
2018,CO2,Storages,CH,0.0
2025,CO2,Storages,CH,0.0
2030,CO2,Storages,CH,0.0
2035,CO2,Storages,CH,0.0
2040,CO2,Storages,CH,0.0
2045,CO2,Storages,CH,0.0
2050,CO2,Storages,CH,0.0
2018,CO2,Transformation,CH,0.0
2025,CO2,Transformation,CH,0.0
2030,CO2,Transformation,CH,0.0
2035,CO2,Transformation,CH,0.0
2040,CO2,Transformation,CH,0.0
2045,CO2,Transformation,CH,0.0
2050,CO2,Transformation,CH,0.0
2018,CO2,CHP,CH,0.0
2025,CO2,CHP,CH,0.0
2030,CO2,CHP,CH,0.0
2035,CO2,CHP,CH,0.0
2040,CO2,CHP,CH,0.0
2045,CO2,CHP,CH,0.0
2050,CO2,CHP,CH,0.0
2018,CO2,Infeasibility,CH,0.0
2025,CO2,Infeasibility,CH,0.0
2030,CO2,Infeasibility,CH,0.0
2035,CO2,Infeasibility,CH,0.0
2040,CO2,Infeasibility,CH,0.0
2045,CO2,Infeasibility,CH,0.0
2050,CO2,Infeasibility,CH,0.0
2018,CO2,Power,CZ,11.058971231929416
2025,CO2,Power,CZ,0.0
2030,CO2,Power,CZ,0.0
2035,CO2,Power,CZ,0.0
2040,CO2,Power,CZ,0.0
2045,CO2,Power,CZ,0.0
2050,CO2,Power,CZ,0.0
2018,CO2,Industry,CZ,25.728617512102055
2025,CO2,Industry,CZ,1.0794142768738444
2030,CO2,Industry,CZ,0.0
2035,CO2,Industry,CZ,0.0
2040,CO2,Industry,CZ,0.0
2045,CO2,Industry,CZ,0.0
2050,CO2,Industry,CZ,0.0
2018,CO2,Buildings,CZ,13.59089781824111
2025,CO2,Buildings,CZ,0.0
2030,CO2,Buildings,CZ,0.0
2035,CO2,Buildings,CZ,0.0
2040,CO2,Buildings,CZ,0.0
2045,CO2,Buildings,CZ,0.0
2050,CO2,Buildings,CZ,0.0
2018,CO2,Transportation,CZ,2.596822172306618
2025,CO2,Transportation,CZ,0.46944802733755564
2030,CO2,Transportation,CZ,0.3232871721391779
2035,CO2,Transportation,CZ,0.030883110840069658
2040,CO2,Transportation,CZ,0.011575046662423741
2045,CO2,Transportation,CZ,0.011344720020693411
2050,CO2,Transportation,CZ,0.011117020429339253
2018,CO2,Resources,CZ,0.0
2025,CO2,Resources,CZ,0.0
2030,CO2,Resources,CZ,0.0
2035,CO2,Resources,CZ,0.0
2040,CO2,Resources,CZ,0.0
2045,CO2,Resources,CZ,0.0
2050,CO2,Resources,CZ,0.0
2018,CO2,Storages,CZ,0.0
2025,CO2,Storages,CZ,0.0
2030,CO2,Storages,CZ,0.0
2035,CO2,Storages,CZ,0.0
2040,CO2,Storages,CZ,0.0
2045,CO2,Storages,CZ,0.0
2050,CO2,Storages,CZ,0.0
2018,CO2,Transformation,CZ,0.0
2025,CO2,Transformation,CZ,0.0
2030,CO2,Transformation,CZ,0.0
2035,CO2,Transformation,CZ,0.0
2040,CO2,Transformation,CZ,0.0
2045,CO2,Transformation,CZ,0.0
2050,CO2,Transformation,CZ,0.0
2018,CO2,CHP,CZ,1.3630844817905798
2025,CO2,CHP,CZ,0.0
2030,CO2,CHP,CZ,0.0
2035,CO2,CHP,CZ,0.0
2040,CO2,CHP,CZ,0.0
2045,CO2,CHP,CZ,0.0
2050,CO2,CHP,CZ,0.0
2018,CO2,Infeasibility,CZ,0.0
2025,CO2,Infeasibility,CZ,0.0
2030,CO2,Infeasibility,CZ,0.0
2035,CO2,Infeasibility,CZ,0.0
2040,CO2,Infeasibility,CZ,0.0
2045,CO2,Infeasibility,CZ,0.0
2050,CO2,Infeasibility,CZ,0.0
2018,CO2,Power,DE,61.47777236608686
2025,CO2,Power,DE,0.0
2030,CO2,Power,DE,0.0
2035,CO2,Power,DE,0.0
2040,CO2,Power,DE,0.0
2045,CO2,Power,DE,0.0
2050,CO2,Power,DE,0.0
2018,CO2,Industry,DE,197.57564670573782
2025,CO2,Industry,DE,1.8458818396878987
2030,CO2,Industry,DE,0.12294553927995024
2035,CO2,Industry,DE,0.0
2040,CO2,Industry,DE,0.0
2045,CO2,Industry,DE,0.0
2050,CO2,Industry,DE,0.0
2018,CO2,Buildings,DE,135.50836637069625
2025,CO2,Buildings,DE,76.65037244612718
2030,CO2,Buildings,DE,0.0
2035,CO2,Buildings,DE,0.0
2040,CO2,Buildings,DE,0.0
2045,CO2,Buildings,DE,0.0
2050,CO2,Buildings,DE,0.0
2018,CO2,Transportation,DE,26.73192904763662
2025,CO2,Transportation,DE,4.971011739847331
2030,CO2,Transportation,DE,3.4750646712994495
2035,CO2,Transportation,DE,0.5078270680030408
2040,CO2,Transportation,DE,0.3103728900933541
2045,CO2,Transportation,DE,0.3039058393687558
2050,CO2,Transportation,DE,0.10432470298004173
2018,CO2,Resources,DE,0.0
2025,CO2,Resources,DE,0.0
2030,CO2,Resources,DE,0.0
2035,CO2,Resources,DE,0.0
2040,CO2,Resources,DE,0.0
2045,CO2,Resources,DE,0.0
2050,CO2,Resources,DE,0.0
2018,CO2,Storages,DE,0.0
2025,CO2,Storages,DE,0.0
2030,CO2,Storages,DE,0.0
2035,CO2,Storages,DE,0.0
2040,CO2,Storages,DE,0.0
2045,CO2,Storages,DE,0.0
2050,CO2,Storages,DE,0.0
2018,CO2,Transformation,DE,0.0
2025,CO2,Transformation,DE,0.0
2030,CO2,Transformation,DE,0.0
2035,CO2,Transformation,DE,0.0
2040,CO2,Transformation,DE,0.0
2045,CO2,Transformation,DE,0.0
2050,CO2,Transformation,DE,0.0
2018,CO2,CHP,DE,11.44507667195469
2025,CO2,CHP,DE,-38.70607306615455
2030,CO2,CHP,DE,-144.60716998053482
2035,CO2,CHP,DE,-129.49386404344588
2040,CO2,CHP,DE,-149.57765105119634
2045,CO2,CHP,DE,-133.57616377395533
2050,CO2,CHP,DE,-129.05304458893193
2018,CO2,Infeasibility,DE,0.0
2025,CO2,Infeasibility,DE,0.0
2030,CO2,Infeasibility,DE,0.0
2035,CO2,Infeasibility,DE,0.0
2040,CO2,Infeasibility,DE,0.0
2045,CO2,Infeasibility,DE,0.0
2050,CO2,Infeasibility,DE,0.0
2018,CO2,Power,DK,2.364293861660433
2025,CO2,Power,DK,0.0
2030,CO2,Power,DK,0.0
2035,CO2,Power,DK,0.0
2040,CO2,Power,DK,0.0
2045,CO2,Power,DK,0.0
2050,CO2,Power,DK,0.0
2018,CO2,Industry,DK,2.940268756290133
2025,CO2,Industry,DK,0.3053246100242563
2030,CO2,Industry,DK,0.16591343546507845
2035,CO2,Industry,DK,0.0514871503640543
2040,CO2,Industry,DK,0.0
2045,CO2,Industry,DK,0.0
2050,CO2,Industry,DK,0.0
2018,CO2,Buildings,DK,4.238644079599795
2025,CO2,Buildings,DK,0.0
2030,CO2,Buildings,DK,0.0
2035,CO2,Buildings,DK,0.0
2040,CO2,Buildings,DK,0.0
2045,CO2,Buildings,DK,0.0
2050,CO2,Buildings,DK,0.0
2018,CO2,Transportation,DK,1.480241374205528
2025,CO2,Transportation,DK,0.40652617920578404
2030,CO2,Transportation,DK,0.1905393127028917
2035,CO2,Transportation,DK,0.01672729709767541
2040,CO2,Transportation,DK,0.007356375033741691
2045,CO2,Transportation,DK,0.0072099938392424035
2050,CO2,Transportation,DK,0.007065282233502738
2018,CO2,Resources,DK,0.0
2025,CO2,Resources,DK,0.0
2030,CO2,Resources,DK,0.0
2035,CO2,Resources,DK,0.0
2040,CO2,Resources,DK,0.0
2045,CO2,Resources,DK,0.0
2050,CO2,Resources,DK,0.0
2018,CO2,Storages,DK,0.0
2025,CO2,Storages,DK,0.0
2030,CO2,Storages,DK,0.0
2035,CO2,Storages,DK,0.0
2040,CO2,Storages,DK,0.0
2045,CO2,Storages,DK,0.0
2050,CO2,Storages,DK,0.0
2018,CO2,Transformation,DK,0.0
2025,CO2,Transformation,DK,0.0
2030,CO2,Transformation,DK,0.0
2035,CO2,Transformation,DK,0.0
2040,CO2,Transformation,DK,0.0
2045,CO2,Transformation,DK,0.0
2050,CO2,Transformation,DK,0.0
2018,CO2,CHP,DK,0.0
2025,CO2,CHP,DK,0.2515187257807071
2030,CO2,CHP,DK,-2.893064922799593
2035,CO2,CHP,DK,-2.8634626488235777
2040,CO2,CHP,DK,-4.849807185085022
2045,CO2,CHP,DK,-4.854514663270449
2050,CO2,CHP,DK,-4.998176642678357
2018,CO2,Infeasibility,DK,0.0
2025,CO2,Infeasibility,DK,0.0
2030,CO2,Infeasibility,DK,0.0
2035,CO2,Infeasibility,DK,0.0
2040,CO2,Infeasibility,DK,0.0
2045,CO2,Infeasibility,DK,0.0
2050,CO2,Infeasibility,DK,0.0
2018,CO2,Power,EE,7.1508596364856984
2025,CO2,Power,EE,0.0
2030,CO2,Power,EE,0.0
2035,CO2,Power,EE,0.0
2040,CO2,Power,EE,0.0
2045,CO2,Power,EE,0.0
2050,CO2,Power,EE,0.0
2018,CO2,Industry,EE,0.534396175871109
2025,CO2,Industry,EE,0.0
2030,CO2,Industry,EE,0.0
2035,CO2,Industry,EE,0.0
2040,CO2,Industry,EE,0.0
2045,CO2,Industry,EE,0.0
2050,CO2,Industry,EE,0.0
2018,CO2,Buildings,EE,1.8683323922410968
2025,CO2,Buildings,EE,0.0
2030,CO2,Buildings,EE,0.0
2035,CO2,Buildings,EE,0.0
2040,CO2,Buildings,EE,0.0
2045,CO2,Buildings,EE,0.0
2050,CO2,Buildings,EE,0.0
2018,CO2,Transportation,EE,0.29621754926917687
2025,CO2,Transportation,EE,0.0542607111351706
2030,CO2,Transportation,EE,0.03922978365870645
2035,CO2,Transportation,EE,0.0034490217777078985
2040,CO2,Transportation,EE,0.0016496285060260923
2045,CO2,Transportation,EE,0.0016168032911499344
2050,CO2,Transportation,EE,0.0015843524727936085
2018,CO2,Resources,EE,0.0
2025,CO2,Resources,EE,0.0
2030,CO2,Resources,EE,0.0
2035,CO2,Resources,EE,0.0
2040,CO2,Resources,EE,0.0
2045,CO2,Resources,EE,0.0
2050,CO2,Resources,EE,0.0
2018,CO2,Storages,EE,0.0
2025,CO2,Storages,EE,0.0
2030,CO2,Storages,EE,0.0
2035,CO2,Storages,EE,0.0
2040,CO2,Storages,EE,0.0
2045,CO2,Storages,EE,0.0
2050,CO2,Storages,EE,0.0
2018,CO2,Transformation,EE,0.0
2025,CO2,Transformation,EE,0.0
2030,CO2,Transformation,EE,0.0
2035,CO2,Transformation,EE,0.0
2040,CO2,Transformation,EE,0.0
2045,CO2,Transformation,EE,0.0
2050,CO2,Transformation,EE,0.0
2018,CO2,CHP,EE,0.00019737310726711008
2025,CO2,CHP,EE,0.0
2030,CO2,CHP,EE,0.0
2035,CO2,CHP,EE,0.0
2040,CO2,CHP,EE,0.0
2045,CO2,CHP,EE,0.0
2050,CO2,CHP,EE,0.0
2018,CO2,Infeasibility,EE,0.0
2025,CO2,Infeasibility,EE,0.0
2030,CO2,Infeasibility,EE,0.0
2035,CO2,Infeasibility,EE,0.0
2040,CO2,Infeasibility,EE,0.0
2045,CO2,Infeasibility,EE,0.0
2050,CO2,Infeasibility,EE,0.0
2018,CO2,Power,ES,37.67269705817899
2025,CO2,Power,ES,0.0
2030,CO2,Power,ES,0.0
2035,CO2,Power,ES,0.0
2040,CO2,Power,ES,0.0
2045,CO2,Power,ES,0.0
2050,CO2,Power,ES,-8.214359370465457
2018,CO2,Industry,ES,55.19948962761585
2025,CO2,Industry,ES,3.149947410412983
2030,CO2,Industry,ES,2.8191682600297225
2035,CO2,Industry,ES,0.677552465447905
2040,CO2,Industry,ES,0.21722934876785804
2045,CO2,Industry,ES,0.0
2050,CO2,Industry,ES,0.0
2018,CO2,Buildings,ES,14.744837355451386
2025,CO2,Buildings,ES,0.0
2030,CO2,Buildings,ES,0.0
2035,CO2,Buildings,ES,0.0
2040,CO2,Buildings,ES,0.0
2045,CO2,Buildings,ES,0.0
2050,CO2,Buildings,ES,0.0
2018,CO2,Transportation,ES,11.08258784851515
2025,CO2,Transportation,ES,1.9637534434709911
2030,CO2,Transportation,ES,1.3362435756261313
2035,CO2,Transportation,ES,0.1232766471641693
2040,CO2,Transportation,ES,0.04053512168233426
2045,CO2,Transportation,ES,0.03972853154740798
2050,CO2,Transportation,ES,0.03893114118590547
2018,CO2,Resources,ES,0.0
2025,CO2,Resources,ES,0.0
2030,CO2,Resources,ES,0.0
2035,CO2,Resources,ES,0.0
2040,CO2,Resources,ES,0.0
2045,CO2,Resources,ES,0.0
2050,CO2,Resources,ES,0.0
2018,CO2,Storages,ES,0.0
2025,CO2,Storages,ES,0.0
2030,CO2,Storages,ES,0.0
2035,CO2,Storages,ES,0.0
2040,CO2,Storages,ES,0.0
2045,CO2,Storages,ES,0.0
2050,CO2,Storages,ES,0.0
2018,CO2,Transformation,ES,0.0
2025,CO2,Transformation,ES,0.0
2030,CO2,Transformation,ES,0.0
2035,CO2,Transformation,ES,0.0
2040,CO2,Transformation,ES,0.0
2045,CO2,Transformation,ES,0.0
2050,CO2,Transformation,ES,0.0
2018,CO2,CHP,ES,8.683226139124383
2025,CO2,CHP,ES,-0.08806809358473355
2030,CO2,CHP,ES,-1.454703070919333
2035,CO2,CHP,ES,-1.7894644363395444
2040,CO2,CHP,ES,-13.356324436542364
2045,CO2,CHP,ES,-15.045311126422854
2050,CO2,CHP,ES,-14.187256713319822
2018,CO2,Infeasibility,ES,0.0
2025,CO2,Infeasibility,ES,0.0
2030,CO2,Infeasibility,ES,0.0
2035,CO2,Infeasibility,ES,0.0
2040,CO2,Infeasibility,ES,0.0
2045,CO2,Infeasibility,ES,0.0
2050,CO2,Infeasibility,ES,0.0
2018,CO2,Power,FI,0.0
2025,CO2,Power,FI,0.0
2030,CO2,Power,FI,0.0
2035,CO2,Power,FI,0.0
2040,CO2,Power,FI,0.0
2045,CO2,Power,FI,0.0
2050,CO2,Power,FI,0.0
2018,CO2,Industry,FI,16.75534404004914
2025,CO2,Industry,FI,0.061175731386262124
2030,CO2,Industry,FI,0.0
2035,CO2,Industry,FI,0.0
2040,CO2,Industry,FI,0.0
2045,CO2,Industry,FI,0.0
2050,CO2,Industry,FI,0.0
2018,CO2,Buildings,FI,9.002502555812583
2025,CO2,Buildings,FI,0.0
2030,CO2,Buildings,FI,0.0
2035,CO2,Buildings,FI,0.0
2040,CO2,Buildings,FI,0.0
2045,CO2,Buildings,FI,0.0
2050,CO2,Buildings,FI,0.0
2018,CO2,Transportation,FI,1.7620011151713595
2025,CO2,Transportation,FI,0.9309386061141528
2030,CO2,Transportation,FI,0.22129912905773202
2035,CO2,Transportation,FI,0.020376330003729785
2040,CO2,Transportation,FI,0.007910340225726778
2045,CO2,Transportation,FI,0.00775293592730173
2050,CO2,Transportation,FI,0.007597326944513131
2018,CO2,Resources,FI,0.0
2025,CO2,Resources,FI,0.0
2030,CO2,Resources,FI,0.0
2035,CO2,Resources,FI,0.0
2040,CO2,Resources,FI,0.0
2045,CO2,Resources,FI,0.0
2050,CO2,Resources,FI,0.0
2018,CO2,Storages,FI,0.0
2025,CO2,Storages,FI,0.0
2030,CO2,Storages,FI,0.0
2035,CO2,Storages,FI,0.0
2040,CO2,Storages,FI,0.0
2045,CO2,Storages,FI,0.0
2050,CO2,Storages,FI,0.0
2018,CO2,Transformation,FI,0.0
2025,CO2,Transformation,FI,0.0
2030,CO2,Transformation,FI,0.0
2035,CO2,Transformation,FI,0.0
2040,CO2,Transformation,FI,0.0
2045,CO2,Transformation,FI,0.0
2050,CO2,Transformation,FI,0.0
2018,CO2,CHP,FI,0.0
2025,CO2,CHP,FI,0.0
2030,CO2,CHP,FI,0.0
2035,CO2,CHP,FI,0.0
2040,CO2,CHP,FI,0.0
2045,CO2,CHP,FI,0.0
2050,CO2,CHP,FI,0.0
2018,CO2,Infeasibility,FI,0.0
2025,CO2,Infeasibility,FI,0.0
2030,CO2,Infeasibility,FI,0.0
2035,CO2,Infeasibility,FI,0.0
2040,CO2,Infeasibility,FI,0.0
2045,CO2,Infeasibility,FI,0.0
2050,CO2,Infeasibility,FI,0.0
2018,CO2,Power,FR,0.0
2025,CO2,Power,FR,0.0
2030,CO2,Power,FR,0.0
2035,CO2,Power,FR,0.0
2040,CO2,Power,FR,0.0
2045,CO2,Power,FR,0.0
2050,CO2,Power,FR,0.0
2018,CO2,Industry,FR,68.88196982563142
2025,CO2,Industry,FR,2.253623959174873
2030,CO2,Industry,FR,0.0
2035,CO2,Industry,FR,0.0
2040,CO2,Industry,FR,0.0
2045,CO2,Industry,FR,0.0
2050,CO2,Industry,FR,0.0
2018,CO2,Buildings,FR,66.59776547403769
2025,CO2,Buildings,FR,8.24125902498926
2030,CO2,Buildings,FR,0.0
2035,CO2,Buildings,FR,0.0
2040,CO2,Buildings,FR,0.0
2045,CO2,Buildings,FR,0.0
2050,CO2,Buildings,FR,0.0
2018,CO2,Transportation,FR,19.002427672747647
2025,CO2,Transportation,FR,3.5224722561636224
2030,CO2,Transportation,FR,2.4698939228058716
2035,CO2,Transportation,FR,0.2451424882316746
2040,CO2,Transportation,FR,0.12107664423659154
2045,CO2,Transportation,FR,0.11862433560464584
2050,CO2,Transportation,FR,0.08762205716328599
2018,CO2,Resources,FR,0.0
2025,CO2,Resources,FR,0.0
2030,CO2,Resources,FR,0.0
2035,CO2,Resources,FR,0.0
2040,CO2,Resources,FR,0.0
2045,CO2,Resources,FR,0.0
2050,CO2,Resources,FR,0.0
2018,CO2,Storages,FR,0.0
2025,CO2,Storages,FR,0.0
2030,CO2,Storages,FR,0.0
2035,CO2,Storages,FR,0.0
2040,CO2,Storages,FR,0.0
2045,CO2,Storages,FR,0.0
2050,CO2,Storages,FR,0.0
2018,CO2,Transformation,FR,0.0
2025,CO2,Transformation,FR,0.0
2030,CO2,Transformation,FR,0.0
2035,CO2,Transformation,FR,0.0
2040,CO2,Transformation,FR,0.0
2045,CO2,Transformation,FR,0.0
2050,CO2,Transformation,FR,0.0
2018,CO2,CHP,FR,0.0
2025,CO2,CHP,FR,0.0
2030,CO2,CHP,FR,0.0
2035,CO2,CHP,FR,0.0
2040,CO2,CHP,FR,0.0
2045,CO2,CHP,FR,0.0
2050,CO2,CHP,FR,0.0
2018,CO2,Infeasibility,FR,0.0
2025,CO2,Infeasibility,FR,0.0
2030,CO2,Infeasibility,FR,0.0
2035,CO2,Infeasibility,FR,0.0
2040,CO2,Infeasibility,FR,0.0
2045,CO2,Infeasibility,FR,0.0
2050,CO2,Infeasibility,FR,0.0
2018,CO2,Power,GR,19.719676867878686
2025,CO2,Power,GR,0.0
2030,CO2,Power,GR,0.0
2035,CO2,Power,GR,0.0
2040,CO2,Power,GR,0.0
2045,CO2,Power,GR,0.0
2050,CO2,Power,GR,0.0
2018,CO2,Industry,GR,4.160794422874338
2025,CO2,Industry,GR,0.8541086582907632
2030,CO2,Industry,GR,0.0
2035,CO2,Industry,GR,0.0
2040,CO2,Industry,GR,0.0
2045,CO2,Industry,GR,0.0
2050,CO2,Industry,GR,0.0
2018,CO2,Buildings,GR,6.180158811141901
2025,CO2,Buildings,GR,0.0
2030,CO2,Buildings,GR,0.0
2035,CO2,Buildings,GR,0.0
2040,CO2,Buildings,GR,0.0
2045,CO2,Buildings,GR,0.0
2050,CO2,Buildings,GR,0.0
2018,CO2,Transportation,GR,2.123708118270361
2025,CO2,Transportation,GR,0.39043718792940757
2030,CO2,Transportation,GR,0.2901748146457141
2035,CO2,Transportation,GR,0.025840551001850974
2040,CO2,Transportation,GR,0.012533237113491481
2045,CO2,Transportation,GR,0.012283843871412235
2050,CO2,Transportation,GR,0.012037295148775015
2018,CO2,Resources,GR,0.0
2025,CO2,Resources,GR,0.0
2030,CO2,Resources,GR,0.0
2035,CO2,Resources,GR,0.0
2040,CO2,Resources,GR,0.0
2045,CO2,Resources,GR,0.0
2050,CO2,Resources,GR,0.0
2018,CO2,Storages,GR,0.0
2025,CO2,Storages,GR,0.0
2030,CO2,Storages,GR,0.0
2035,CO2,Storages,GR,0.0
2040,CO2,Storages,GR,0.0
2045,CO2,Storages,GR,0.0
2050,CO2,Storages,GR,0.0
2018,CO2,Transformation,GR,0.0
2025,CO2,Transformation,GR,0.0
2030,CO2,Transformation,GR,0.0
2035,CO2,Transformation,GR,0.0
2040,CO2,Transformation,GR,0.0
2045,CO2,Transformation,GR,0.0
2050,CO2,Transformation,GR,0.0
2018,CO2,CHP,GR,1.4341050787873884
2025,CO2,CHP,GR,0.12631162325297113
2030,CO2,CHP,GR,0.0
2035,CO2,CHP,GR,0.0
2040,CO2,CHP,GR,0.0
2045,CO2,CHP,GR,0.0
2050,CO2,CHP,GR,0.0
2018,CO2,Infeasibility,GR,0.0
2025,CO2,Infeasibility,GR,0.0
2030,CO2,Infeasibility,GR,0.0
2035,CO2,Infeasibility,GR,0.0
2040,CO2,Infeasibility,GR,0.0
2045,CO2,Infeasibility,GR,0.0
2050,CO2,Infeasibility,GR,0.0
2018,CO2,Power,HR,1.1694557952
2025,CO2,Power,HR,0.0
2030,CO2,Power,HR,0.0
2035,CO2,Power,HR,0.0
2040,CO2,Power,HR,0.0
2045,CO2,Power,HR,0.0
2050,CO2,Power,HR,0.0
2018,CO2,Industry,HR,1.2182519493101585
2025,CO2,Industry,HR,0.02381921208433995
2030,CO2,Industry,HR,0.0
2035,CO2,Industry,HR,0.0
2040,CO2,Industry,HR,0.0
2045,CO2,Industry,HR,0.0
2050,CO2,Industry,HR,0.0
2018,CO2,Buildings,HR,1.6236896563336707
2025,CO2,Buildings,HR,0.0
2030,CO2,Buildings,HR,0.0
2035,CO2,Buildings,HR,0.0
2040,CO2,Buildings,HR,0.0
2045,CO2,Buildings,HR,0.0
2050,CO2,Buildings,HR,0.0
2018,CO2,Transportation,HR,0.7066024632433271
2025,CO2,Transportation,HR,0.12527423256814837
2030,CO2,Transportation,HR,0.0913259913644928
2035,CO2,Transportation,HR,0.011249728131126572
2040,CO2,Transportation,HR,0.006365167152116075
2045,CO2,Transportation,HR,0.006233714868997039
2050,CO2,Transportation,HR,0.002921563253133738
2018,CO2,Resources,HR,0.0
2025,CO2,Resources,HR,0.0
2030,CO2,Resources,HR,0.0
2035,CO2,Resources,HR,0.0
2040,CO2,Resources,HR,0.0
2045,CO2,Resources,HR,0.0
2050,CO2,Resources,HR,0.0
2018,CO2,Storages,HR,0.0
2025,CO2,Storages,HR,0.0
2030,CO2,Storages,HR,0.0
2035,CO2,Storages,HR,0.0
2040,CO2,Storages,HR,0.0
2045,CO2,Storages,HR,0.0
2050,CO2,Storages,HR,0.0
2018,CO2,Transformation,HR,0.0
2025,CO2,Transformation,HR,0.0
2030,CO2,Transformation,HR,0.0
2035,CO2,Transformation,HR,0.0
2040,CO2,Transformation,HR,0.0
2045,CO2,Transformation,HR,0.0
2050,CO2,Transformation,HR,0.0
2018,CO2,CHP,HR,0.6485019643675268
2025,CO2,CHP,HR,0.031295329238832686
2030,CO2,CHP,HR,0.0
2035,CO2,CHP,HR,0.0
2040,CO2,CHP,HR,0.0
2045,CO2,CHP,HR,0.0
2050,CO2,CHP,HR,0.0
2018,CO2,Infeasibility,HR,0.0
2025,CO2,Infeasibility,HR,0.0
2030,CO2,Infeasibility,HR,0.0
2035,CO2,Infeasibility,HR,0.0
2040,CO2,Infeasibility,HR,0.0
2045,CO2,Infeasibility,HR,0.0
2050,CO2,Infeasibility,HR,0.0
2018,CO2,Power,HU,1.4004716781694055
2025,CO2,Power,HU,0.0
2030,CO2,Power,HU,0.0
2035,CO2,Power,HU,0.0
2040,CO2,Power,HU,0.0
2045,CO2,Power,HU,0.0
2050,CO2,Power,HU,0.0
2018,CO2,Industry,HU,8.934198951583719
2025,CO2,Industry,HU,0.4028490968384197
2030,CO2,Industry,HU,0.0
2035,CO2,Industry,HU,0.0
2040,CO2,Industry,HU,0.0
2045,CO2,Industry,HU,0.0
2050,CO2,Industry,HU,0.0
2018,CO2,Buildings,HU,8.560712729703615
2025,CO2,Buildings,HU,0.060025983732450855
2030,CO2,Buildings,HU,0.0
2035,CO2,Buildings,HU,0.0
2040,CO2,Buildings,HU,0.0
2045,CO2,Buildings,HU,0.0
2050,CO2,Buildings,HU,0.0
2018,CO2,Transportation,HU,1.9241497172909146
2025,CO2,Transportation,HU,0.36625260906133805
2030,CO2,Transportation,HU,0.2530112416598743
2035,CO2,Transportation,HU,0.03073992943100038
2040,CO2,Transportation,HU,0.016649932060339673
2045,CO2,Transportation,HU,0.01630791125724151
2050,CO2,Transportation,HU,0.008860780276178735
2018,CO2,Resources,HU,0.0
2025,CO2,Resources,HU,0.0
2030,CO2,Resources,HU,0.0
2035,CO2,Resources,HU,0.0
2040,CO2,Resources,HU,0.0
2045,CO2,Resources,HU,0.0
2050,CO2,Resources,HU,0.0
2018,CO2,Storages,HU,0.0
2025,CO2,Storages,HU,0.0
2030,CO2,Storages,HU,0.0
2035,CO2,Storages,HU,0.0
2040,CO2,Storages,HU,0.0
2045,CO2,Storages,HU,0.0
2050,CO2,Storages,HU,0.0
2018,CO2,Transformation,HU,0.0
2025,CO2,Transformation,HU,0.0
2030,CO2,Transformation,HU,0.0
2035,CO2,Transformation,HU,0.0
2040,CO2,Transformation,HU,0.0
2045,CO2,Transformation,HU,0.0
2050,CO2,Transformation,HU,0.0
2018,CO2,CHP,HU,2.4765230337689963
2025,CO2,CHP,HU,0.6643432275008776
2030,CO2,CHP,HU,0.0
2035,CO2,CHP,HU,0.0
2040,CO2,CHP,HU,0.0
2045,CO2,CHP,HU,0.0
2050,CO2,CHP,HU,0.0
2018,CO2,Infeasibility,HU,0.0
2025,CO2,Infeasibility,HU,0.0
2030,CO2,Infeasibility,HU,0.0
2035,CO2,Infeasibility,HU,0.0
2040,CO2,Infeasibility,HU,0.0
2045,CO2,Infeasibility,HU,0.0
2050,CO2,Infeasibility,HU,0.0
2018,CO2,Power,IE,5.866384015381655
2025,CO2,Power,IE,0.0
2030,CO2,Power,IE,0.0
2035,CO2,Power,IE,0.0
2040,CO2,Power,IE,0.0
2045,CO2,Power,IE,0.0
2050,CO2,Power,IE,0.0
2018,CO2,Industry,IE,5.229265346133445
2025,CO2,Industry,IE,0.3749946647302174
2030,CO2,Industry,IE,0.33915738750019725
2035,CO2,Industry,IE,0.20496989390233264
2040,CO2,Industry,IE,0.00018568588982066387
2045,CO2,Industry,IE,0.0
2050,CO2,Industry,IE,0.0
2018,CO2,Buildings,IE,8.506712524793794
2025,CO2,Buildings,IE,0.3944679258939402
2030,CO2,Buildings,IE,0.0
2035,CO2,Buildings,IE,0.0
2040,CO2,Buildings,IE,0.0
2045,CO2,Buildings,IE,0.0
2050,CO2,Buildings,IE,0.0
2018,CO2,Transportation,IE,1.163837629951993
2025,CO2,Transportation,IE,0.22005039623030376
2030,CO2,Transportation,IE,0.15976047894848544
2035,CO2,Transportation,IE,0.014307635512843874
2040,CO2,Transportation,IE,0.006948174981913195
2045,CO2,Transportation,IE,0.006809916376448218
2050,CO2,Transportation,IE,0.006673234715442494
2018,CO2,Resources,IE,0.0
2025,CO2,Resources,IE,0.0
2030,CO2,Resources,IE,0.0
2035,CO2,Resources,IE,0.0
2040,CO2,Resources,IE,0.0
2045,CO2,Resources,IE,0.0
2050,CO2,Resources,IE,0.0
2018,CO2,Storages,IE,0.0
2025,CO2,Storages,IE,0.0
2030,CO2,Storages,IE,0.0
2035,CO2,Storages,IE,0.0
2040,CO2,Storages,IE,0.0
2045,CO2,Storages,IE,0.0
2050,CO2,Storages,IE,0.0
2018,CO2,Transformation,IE,0.0
2025,CO2,Transformation,IE,0.0
2030,CO2,Transformation,IE,0.0
2035,CO2,Transformation,IE,0.0
2040,CO2,Transformation,IE,0.0
2045,CO2,Transformation,IE,0.0
2050,CO2,Transformation,IE,0.0
2018,CO2,CHP,IE,1.435631274617762
2025,CO2,CHP,IE,-3.7405535233636646
2030,CO2,CHP,IE,-2.5638804710757497
2035,CO2,CHP,IE,-2.32782332449239
2040,CO2,CHP,IE,-3.6215965219034065
2045,CO2,CHP,IE,-3.6304731621191664
2050,CO2,CHP,IE,-3.1282856648129664
2018,CO2,Infeasibility,IE,0.0
2025,CO2,Infeasibility,IE,0.0
2030,CO2,Infeasibility,IE,0.0
2035,CO2,Infeasibility,IE,0.0
2040,CO2,Infeasibility,IE,0.0
2045,CO2,Infeasibility,IE,0.0
2050,CO2,Infeasibility,IE,0.0
2018,CO2,Power,IT,39.94956238735528
2025,CO2,Power,IT,0.0
2030,CO2,Power,IT,0.0
2035,CO2,Power,IT,0.0
2040,CO2,Power,IT,0.0
2045,CO2,Power,IT,0.0
2050,CO2,Power,IT,0.0
2018,CO2,Industry,IT,61.42969377724716
2025,CO2,Industry,IT,2.8867714826093103
2030,CO2,Industry,IT,0.0
2035,CO2,Industry,IT,0.0
2040,CO2,Industry,IT,0.0
2045,CO2,Industry,IT,0.0
2050,CO2,Industry,IT,0.0
2018,CO2,Buildings,IT,98.36523002613406
2025,CO2,Buildings,IT,28.63385809197526
2030,CO2,Buildings,IT,0.0
2035,CO2,Buildings,IT,0.0
2040,CO2,Buildings,IT,0.0
2045,CO2,Buildings,IT,0.0
2050,CO2,Buildings,IT,0.0
2018,CO2,Transportation,IT,14.926176587771572
2025,CO2,Transportation,IT,4.486494745401123
2030,CO2,Transportation,IT,2.029166966470102
2035,CO2,Transportation,IT,0.17987245140105976
2040,CO2,Transportation,IT,0.08783751899963627
2045,CO2,Transportation,IT,0.08608967975897149
2050,CO2,Transportation,IT,0.08436177595304485
2018,CO2,Resources,IT,0.0
2025,CO2,Resources,IT,0.0
2030,CO2,Resources,IT,0.0
2035,CO2,Resources,IT,0.0
2040,CO2,Resources,IT,0.0
2045,CO2,Resources,IT,0.0
2050,CO2,Resources,IT,0.0
2018,CO2,Storages,IT,0.0
2025,CO2,Storages,IT,0.0
2030,CO2,Storages,IT,0.0
2035,CO2,Storages,IT,0.0
2040,CO2,Storages,IT,0.0
2045,CO2,Storages,IT,0.0
2050,CO2,Storages,IT,0.0
2018,CO2,Transformation,IT,0.0
2025,CO2,Transformation,IT,0.0
2030,CO2,Transformation,IT,0.0
2035,CO2,Transformation,IT,0.0
2040,CO2,Transformation,IT,0.0
2045,CO2,Transformation,IT,0.0
2050,CO2,Transformation,IT,0.0
2018,CO2,CHP,IT,10.689586668570726
2025,CO2,CHP,IT,0.9340437063520748
2030,CO2,CHP,IT,0.0
2035,CO2,CHP,IT,0.0
2040,CO2,CHP,IT,0.0
2045,CO2,CHP,IT,0.0
2050,CO2,CHP,IT,0.0
2018,CO2,Infeasibility,IT,0.0
2025,CO2,Infeasibility,IT,0.0
2030,CO2,Infeasibility,IT,0.0
2035,CO2,Infeasibility,IT,0.0
2040,CO2,Infeasibility,IT,0.0
2045,CO2,Infeasibility,IT,0.0
2050,CO2,Infeasibility,IT,0.0
2018,CO2,Power,LT,0.2749248917716425
2025,CO2,Power,LT,0.0
2030,CO2,Power,LT,0.0
2035,CO2,Power,LT,0.0
2040,CO2,Power,LT,0.0
2045,CO2,Power,LT,0.0
2050,CO2,Power,LT,0.0
2018,CO2,Industry,LT,0.6525732599952968
2025,CO2,Industry,LT,0.10426245470757917
2030,CO2,Industry,LT,0.047704458423094065
2035,CO2,Industry,LT,0.0030519633225872247
2040,CO2,Industry,LT,0.0028158355090386997
2045,CO2,Industry,LT,0.0
2050,CO2,Industry,LT,0.0
2018,CO2,Buildings,LT,2.2711629484064293
2025,CO2,Buildings,LT,0.0
2030,CO2,Buildings,LT,0.0
2035,CO2,Buildings,LT,0.0
2040,CO2,Buildings,LT,0.0
2045,CO2,Buildings,LT,0.0
2050,CO2,Buildings,LT,0.0
2018,CO2,Transportation,LT,0.6917904660628011
2025,CO2,Transportation,LT,0.11985093006447646
2030,CO2,Transportation,LT,0.08363513199479211
2035,CO2,Transportation,LT,0.007775551646783237
2040,CO2,Transportation,LT,0.003294288932677356
2045,CO2,Transportation,LT,0.003228737360499582
2050,CO2,Transportation,LT,0.0031639334538157114
2018,CO2,Resources,LT,0.0
2025,CO2,Resources,LT,0.0
2030,CO2,Resources,LT,0.0
2035,CO2,Resources,LT,0.0
2040,CO2,Resources,LT,0.0
2045,CO2,Resources,LT,0.0
2050,CO2,Resources,LT,0.0
2018,CO2,Storages,LT,0.0
2025,CO2,Storages,LT,0.0
2030,CO2,Storages,LT,0.0
2035,CO2,Storages,LT,0.0
2040,CO2,Storages,LT,0.0
2045,CO2,Storages,LT,0.0
2050,CO2,Storages,LT,0.0
2018,CO2,Transformation,LT,0.0
2025,CO2,Transformation,LT,0.0
2030,CO2,Transformation,LT,0.0
2035,CO2,Transformation,LT,0.0
2040,CO2,Transformation,LT,0.0
2045,CO2,Transformation,LT,0.0
2050,CO2,Transformation,LT,0.0
2018,CO2,CHP,LT,0.23061151678220576
2025,CO2,CHP,LT,0.17233906358252596
2030,CO2,CHP,LT,0.08220950093342297
2035,CO2,CHP,LT,-0.09864989161106648
2040,CO2,CHP,LT,-1.3298821893281747
2045,CO2,CHP,LT,-1.0660977547267878
2050,CO2,CHP,LT,-1.1345417296866844
2018,CO2,Infeasibility,LT,0.0
2025,CO2,Infeasibility,LT,0.0
2030,CO2,Infeasibility,LT,0.0
2035,CO2,Infeasibility,LT,0.0
2040,CO2,Infeasibility,LT,0.0
2045,CO2,Infeasibility,LT,0.0
2050,CO2,Infeasibility,LT,0.0
2018,CO2,Power,LU,0.0
2025,CO2,Power,LU,0.0
2030,CO2,Power,LU,0.0
2035,CO2,Power,LU,0.0
2040,CO2,Power,LU,0.0
2045,CO2,Power,LU,0.0
2050,CO2,Power,LU,0.0
2018,CO2,Industry,LU,2.4500044173078277
2025,CO2,Industry,LU,0.13288692447673459
2030,CO2,Industry,LU,0.0
2035,CO2,Industry,LU,0.0
2040,CO2,Industry,LU,0.0
2045,CO2,Industry,LU,0.0
2050,CO2,Industry,LU,0.0
2018,CO2,Buildings,LU,1.8410516455380372
2025,CO2,Buildings,LU,0.03529465768680558
2030,CO2,Buildings,LU,0.0
2035,CO2,Buildings,LU,0.0
2040,CO2,Buildings,LU,0.0
2045,CO2,Buildings,LU,0.0
2050,CO2,Buildings,LU,0.0
2018,CO2,Transportation,LU,0.18191405832261537
2025,CO2,Transportation,LU,0.03467606055728473
2030,CO2,Transportation,LU,0.024717513611231617
2035,CO2,Transportation,LU,0.002969569923647824
2040,CO2,Transportation,LU,0.001804754621659404
2045,CO2,Transportation,LU,0.001767614058139503
2050,CO2,Transportation,LU,0.0009155083997691262
2018,CO2,Resources,LU,0.0
2025,CO2,Resources,LU,0.0
2030,CO2,Resources,LU,0.0
2035,CO2,Resources,LU,0.0
2040,CO2,Resources,LU,0.0
2045,CO2,Resources,LU,0.0
2050,CO2,Resources,LU,0.0
2018,CO2,Storages,LU,0.0
2025,CO2,Storages,LU,0.0
2030,CO2,Storages,LU,0.0
2035,CO2,Storages,LU,0.0
2040,CO2,Storages,LU,0.0
2045,CO2,Storages,LU,0.0
2050,CO2,Storages,LU,0.0
2018,CO2,Transformation,LU,0.0
2025,CO2,Transformation,LU,0.0
2030,CO2,Transformation,LU,0.0
2035,CO2,Transformation,LU,0.0
2040,CO2,Transformation,LU,0.0
2045,CO2,Transformation,LU,0.0
2050,CO2,Transformation,LU,0.0
2018,CO2,CHP,LU,0.045743860141262964
2025,CO2,CHP,LU,0.0
2030,CO2,CHP,LU,0.0
2035,CO2,CHP,LU,0.0
2040,CO2,CHP,LU,0.0
2045,CO2,CHP,LU,0.0
2050,CO2,CHP,LU,0.0
2018,CO2,Infeasibility,LU,0.0
2025,CO2,Infeasibility,LU,0.0
2030,CO2,Infeasibility,LU,0.0
2035,CO2,Infeasibility,LU,0.0
2040,CO2,Infeasibility,LU,0.0
2045,CO2,Infeasibility,LU,0.0
2050,CO2,Infeasibility,LU,0.0
2018,CO2,Power,LV,0.006711903739842277
2025,CO2,Power,LV,0.0
2030,CO2,Power,LV,0.0
2035,CO2,Power,LV,0.0
2040,CO2,Power,LV,0.0
2045,CO2,Power,LV,0.0
2050,CO2,Power,LV,0.0
2018,CO2,Industry,LV,0.6788045491726421
2025,CO2,Industry,LV,0.0
2030,CO2,Industry,LV,0.0
2035,CO2,Industry,LV,0.0
2040,CO2,Industry,LV,0.0
2045,CO2,Industry,LV,0.0
2050,CO2,Industry,LV,0.0
2018,CO2,Buildings,LV,1.8656559233510936
2025,CO2,Buildings,LV,0.0
2030,CO2,Buildings,LV,0.0
2035,CO2,Buildings,LV,0.0
2040,CO2,Buildings,LV,0.0
2045,CO2,Buildings,LV,0.0
2050,CO2,Buildings,LV,0.0
2018,CO2,Transportation,LV,0.4366186935660731
2025,CO2,Transportation,LV,0.07169448990986356
2030,CO2,Transportation,LV,0.05010512123272769
2035,CO2,Transportation,LV,0.004527325512559868
2040,CO2,Transportation,LV,0.0017961493319600154
2045,CO2,Transportation,LV,0.0017604085651413788
2050,CO2,Transportation,LV,0.001725075448928031
2018,CO2,Resources,LV,0.0
2025,CO2,Resources,LV,0.0
2030,CO2,Resources,LV,0.0
2035,CO2,Resources,LV,0.0
2040,CO2,Resources,LV,0.0
2045,CO2,Resources,LV,0.0
2050,CO2,Resources,LV,0.0
2018,CO2,Storages,LV,0.0
2025,CO2,Storages,LV,0.0
2030,CO2,Storages,LV,0.0
2035,CO2,Storages,LV,0.0
2040,CO2,Storages,LV,0.0
2045,CO2,Storages,LV,0.0
2050,CO2,Storages,LV,0.0
2018,CO2,Transformation,LV,0.0
2025,CO2,Transformation,LV,0.0
2030,CO2,Transformation,LV,0.0
2035,CO2,Transformation,LV,0.0
2040,CO2,Transformation,LV,0.0
2045,CO2,Transformation,LV,0.0
2050,CO2,Transformation,LV,0.0
2018,CO2,CHP,LV,0.9209522942604301
2025,CO2,CHP,LV,0.0
2030,CO2,CHP,LV,0.0
2035,CO2,CHP,LV,0.0
2040,CO2,CHP,LV,0.0
2045,CO2,CHP,LV,0.0
2050,CO2,CHP,LV,0.0
2018,CO2,Infeasibility,LV,0.0
2025,CO2,Infeasibility,LV,0.0
2030,CO2,Infeasibility,LV,0.0
2035,CO2,Infeasibility,LV,0.0
2040,CO2,Infeasibility,LV,0.0
2045,CO2,Infeasibility,LV,0.0
2050,CO2,Infeasibility,LV,0.0
2018,CO2,Power,NL,12.834355079715777
2025,CO2,Power,NL,0.0
2030,CO2,Power,NL,0.0
2035,CO2,Power,NL,0.0
2040,CO2,Power,NL,0.0
2045,CO2,Power,NL,-5.204998572705306
2050,CO2,Power,NL,-7.972588566236824
2018,CO2,Industry,NL,36.06462960359212
2025,CO2,Industry,NL,3.4497375976061324
2030,CO2,Industry,NL,1.8372715932420731
2035,CO2,Industry,NL,1.0489604584483971
2040,CO2,Industry,NL,0.7779932563612111
2045,CO2,Industry,NL,0.0
2050,CO2,Industry,NL,0.0
2018,CO2,Buildings,NL,19.402809995578842
2025,CO2,Buildings,NL,0.7946683847643552
2030,CO2,Buildings,NL,0.0
2035,CO2,Buildings,NL,0.0
2040,CO2,Buildings,NL,0.0
2045,CO2,Buildings,NL,0.0
2050,CO2,Buildings,NL,0.0
2018,CO2,Transportation,NL,4.0274422560627094
2025,CO2,Transportation,NL,0.8869561530586008
2030,CO2,Transportation,NL,0.6735746927541483
2035,CO2,Transportation,NL,0.23045298785635687
2040,CO2,Transportation,NL,0.20099110789704266
2045,CO2,Transportation,NL,0.19672593118847703
2050,CO2,Transportation,NL,0.01613632655507218
2018,CO2,Resources,NL,0.0
2025,CO2,Resources,NL,0.0
2030,CO2,Resources,NL,0.0
2035,CO2,Resources,NL,0.0
2040,CO2,Resources,NL,0.0
2045,CO2,Resources,NL,0.0
2050,CO2,Resources,NL,0.0
2018,CO2,Storages,NL,0.0
2025,CO2,Storages,NL,0.0
2030,CO2,Storages,NL,0.0
2035,CO2,Storages,NL,0.0
2040,CO2,Storages,NL,0.0
2045,CO2,Storages,NL,0.0
2050,CO2,Storages,NL,0.0
2018,CO2,Transformation,NL,0.0
2025,CO2,Transformation,NL,0.0
2030,CO2,Transformation,NL,0.0
2035,CO2,Transformation,NL,0.0
2040,CO2,Transformation,NL,0.0
2045,CO2,Transformation,NL,0.0
2050,CO2,Transformation,NL,0.0
2018,CO2,CHP,NL,19.08481561619174
2025,CO2,CHP,NL,-9.494385241774562
2030,CO2,CHP,NL,-5.388553334712669
2035,CO2,CHP,NL,-5.178291910564342
2040,CO2,CHP,NL,-20.834560721540658
2045,CO2,CHP,NL,-23.291645700703906
2050,CO2,CHP,NL,-13.607067487486887
2018,CO2,Infeasibility,NL,0.0
2025,CO2,Infeasibility,NL,0.0
2030,CO2,Infeasibility,NL,0.0
2035,CO2,Infeasibility,NL,0.0
2040,CO2,Infeasibility,NL,0.0
2045,CO2,Infeasibility,NL,0.0
2050,CO2,Infeasibility,NL,0.0
2018,CO2,Power,NO,0.0
2025,CO2,Power,NO,0.0
2030,CO2,Power,NO,0.0
2035,CO2,Power,NO,0.0
2040,CO2,Power,NO,0.0
2045,CO2,Power,NO,0.0
2050,CO2,Power,NO,0.0
2018,CO2,Industry,NO,12.542986165088518
2025,CO2,Industry,NO,0.026161317647289656
2030,CO2,Industry,NO,0.017405902845731243
2035,CO2,Industry,NO,0.0
2040,CO2,Industry,NO,0.0
2045,CO2,Industry,NO,0.0
2050,CO2,Industry,NO,0.0
2018,CO2,Buildings,NO,10.563822831253288
2025,CO2,Buildings,NO,0.0
2030,CO2,Buildings,NO,0.0
2035,CO2,Buildings,NO,0.0
2040,CO2,Buildings,NO,0.0
2045,CO2,Buildings,NO,0.0
2050,CO2,Buildings,NO,0.0
2018,CO2,Transportation,NO,1.6542755811509198
2025,CO2,Transportation,NO,0.8884983105171188
2030,CO2,Transportation,NO,0.2098040796625134
2035,CO2,Transportation,NO,0.018101535176882358
2040,CO2,Transportation,NO,0.007511338733234523
2045,CO2,Transportation,NO,0.007361873985853313
2050,CO2,Transportation,NO,0.007214113997495563
2018,CO2,Resources,NO,0.0
2025,CO2,Resources,NO,0.0
2030,CO2,Resources,NO,0.0
2035,CO2,Resources,NO,0.0
2040,CO2,Resources,NO,0.0
2045,CO2,Resources,NO,0.0
2050,CO2,Resources,NO,0.0
2018,CO2,Storages,NO,0.0
2025,CO2,Storages,NO,0.0
2030,CO2,Storages,NO,0.0
2035,CO2,Storages,NO,0.0
2040,CO2,Storages,NO,0.0
2045,CO2,Storages,NO,0.0
2050,CO2,Storages,NO,0.0
2018,CO2,Transformation,NO,0.0
2025,CO2,Transformation,NO,0.0
2030,CO2,Transformation,NO,0.0
2035,CO2,Transformation,NO,0.0
2040,CO2,Transformation,NO,0.0
2045,CO2,Transformation,NO,0.0
2050,CO2,Transformation,NO,0.0
2018,CO2,CHP,NO,0.7097993696385542
2025,CO2,CHP,NO,-6.665378533888579
2030,CO2,CHP,NO,-3.851530522699874
2035,CO2,CHP,NO,-3.851530522699874
2040,CO2,CHP,NO,-4.378926894022932
2045,CO2,CHP,NO,-4.515428610708391
2050,CO2,CHP,NO,-4.145049572826909
2018,CO2,Infeasibility,NO,0.0
2025,CO2,Infeasibility,NO,0.0
2030,CO2,Infeasibility,NO,0.0
2035,CO2,Infeasibility,NO,0.0
2040,CO2,Infeasibility,NO,0.0
2045,CO2,Infeasibility,NO,0.0
2050,CO2,Infeasibility,NO,0.0
2018,CO2,Power,PL,63.61564909812096
2025,CO2,Power,PL,0.0
2030,CO2,Power,PL,0.0
2035,CO2,Power,PL,0.0
2040,CO2,Power,PL,-16.677272023082153
2045,CO2,Power,PL,-22.89115990182002
2050,CO2,Power,PL,-19.43320053430398
2018,CO2,Industry,PL,58.994764725823345
2025,CO2,Industry,PL,5.5154107074688135
2030,CO2,Industry,PL,4.678721568776271
2035,CO2,Industry,PL,2.0378434650076556
2040,CO2,Industry,PL,1.2294763057207223
2045,CO2,Industry,PL,0.08308027714761582
2050,CO2,Industry,PL,0.0
2018,CO2,Buildings,PL,30.994448993372618
2025,CO2,Buildings,PL,0.0
2030,CO2,Buildings,PL,0.0
2035,CO2,Buildings,PL,0.0
2040,CO2,Buildings,PL,0.0
2045,CO2,Buildings,PL,0.0
2050,CO2,Buildings,PL,0.0
2018,CO2,Transportation,PL,8.57903291186281
2025,CO2,Transportation,PL,1.4584338631371478
2030,CO2,Transportation,PL,0.9784484217392363
2035,CO2,Transportation,PL,0.0901085785447342
2040,CO2,Transportation,PL,0.026933740802085326
2045,CO2,Transportation,PL,0.026397798421108308
2050,CO2,Transportation,PL,0.025867968870253652
2018,CO2,Resources,PL,0.0
2025,CO2,Resources,PL,0.0
2030,CO2,Resources,PL,0.0
2035,CO2,Resources,PL,0.0
2040,CO2,Resources,PL,0.0
2045,CO2,Resources,PL,0.0
2050,CO2,Resources,PL,0.0
2018,CO2,Storages,PL,0.0
2025,CO2,Storages,PL,0.0
2030,CO2,Storages,PL,0.0
2035,CO2,Storages,PL,0.0
2040,CO2,Storages,PL,0.0
2045,CO2,Storages,PL,0.0
2050,CO2,Storages,PL,0.0
2018,CO2,Transformation,PL,0.0
2025,CO2,Transformation,PL,0.0
2030,CO2,Transformation,PL,0.0
2035,CO2,Transformation,PL,0.0
2040,CO2,Transformation,PL,0.0
2045,CO2,Transformation,PL,0.0
2050,CO2,Transformation,PL,0.0
2018,CO2,CHP,PL,51.730599432937474
2025,CO2,CHP,PL,4.317163469372767
2030,CO2,CHP,PL,3.1007273044391384
2035,CO2,CHP,PL,3.035113358092909
2040,CO2,CHP,PL,-20.5384503049426
2045,CO2,CHP,PL,-22.904208789073202
2050,CO2,CHP,PL,-15.361647881137992
2018,CO2,Infeasibility,PL,0.0
2025,CO2,Infeasibility,PL,0.0
2030,CO2,Infeasibility,PL,0.0
2035,CO2,Infeasibility,PL,0.0
2040,CO2,Infeasibility,PL,0.0
2045,CO2,Infeasibility,PL,0.0
2050,CO2,Infeasibility,PL,0.0
2018,CO2,Power,PT,12.829882053982569
2025,CO2,Power,PT,0.0
2030,CO2,Power,PT,0.0
2035,CO2,Power,PT,0.0
2040,CO2,Power,PT,0.0
2045,CO2,Power,PT,0.0
2050,CO2,Power,PT,0.0
2018,CO2,Industry,PT,6.278277666359756
2025,CO2,Industry,PT,0.06234355288051805
2030,CO2,Industry,PT,0.0
2035,CO2,Industry,PT,0.0
2040,CO2,Industry,PT,0.0
2045,CO2,Industry,PT,0.0
2050,CO2,Industry,PT,0.0
2018,CO2,Buildings,PT,2.464206997659421
2025,CO2,Buildings,PT,0.0
2030,CO2,Buildings,PT,0.0
2035,CO2,Buildings,PT,0.0
2040,CO2,Buildings,PT,0.0
2045,CO2,Buildings,PT,0.0
2050,CO2,Buildings,PT,0.0
2018,CO2,Transportation,PT,1.803147879586693
2025,CO2,Transportation,PT,0.33083821593587875
2030,CO2,Transportation,PT,0.24539566561238843
2035,CO2,Transportation,PT,0.021716206564177144
2040,CO2,Transportation,PT,0.01079232447586229
2045,CO2,Transportation,PT,0.010577572870492184
2050,CO2,Transportation,PT,0.010365270670372951
2018,CO2,Resources,PT,0.0
2025,CO2,Resources,PT,0.0
2030,CO2,Resources,PT,0.0
2035,CO2,Resources,PT,0.0
2040,CO2,Resources,PT,0.0
2045,CO2,Resources,PT,0.0
2050,CO2,Resources,PT,0.0
2018,CO2,Storages,PT,0.0
2025,CO2,Storages,PT,0.0
2030,CO2,Storages,PT,0.0
2035,CO2,Storages,PT,0.0
2040,CO2,Storages,PT,0.0
2045,CO2,Storages,PT,0.0
2050,CO2,Storages,PT,0.0
2018,CO2,Transformation,PT,0.0
2025,CO2,Transformation,PT,0.0
2030,CO2,Transformation,PT,0.0
2035,CO2,Transformation,PT,0.0
2040,CO2,Transformation,PT,0.0
2045,CO2,Transformation,PT,0.0
2050,CO2,Transformation,PT,0.0
2018,CO2,CHP,PT,1.4549485978168537
2025,CO2,CHP,PT,0.0
2030,CO2,CHP,PT,0.0
2035,CO2,CHP,PT,0.0
2040,CO2,CHP,PT,0.0
2045,CO2,CHP,PT,0.0
2050,CO2,CHP,PT,0.0
2018,CO2,Infeasibility,PT,0.0
2025,CO2,Infeasibility,PT,0.0
2030,CO2,Infeasibility,PT,0.0
2035,CO2,Infeasibility,PT,0.0
2040,CO2,Infeasibility,PT,0.0
2045,CO2,Infeasibility,PT,0.0
2050,CO2,Infeasibility,PT,0.0
2018,CO2,Power,RO,9.362561793724629
2025,CO2,Power,RO,0.0
2030,CO2,Power,RO,0.0
2035,CO2,Power,RO,0.0
2040,CO2,Power,RO,0.0
2045,CO2,Power,RO,0.0
2050,CO2,Power,RO,0.0
2018,CO2,Industry,RO,22.547205029512362
2025,CO2,Industry,RO,1.0362204436225702
2030,CO2,Industry,RO,0.0
2035,CO2,Industry,RO,0.0
2040,CO2,Industry,RO,0.0
2045,CO2,Industry,RO,0.0
2050,CO2,Industry,RO,0.0
2018,CO2,Buildings,RO,11.886164071525185
2025,CO2,Buildings,RO,0.04364131759408767
2030,CO2,Buildings,RO,0.0
2035,CO2,Buildings,RO,0.0
2040,CO2,Buildings,RO,0.0
2045,CO2,Buildings,RO,0.0
2050,CO2,Buildings,RO,0.0
2018,CO2,Transportation,RO,2.253011366264744
2025,CO2,Transportation,RO,0.4732476684092462
2030,CO2,Transportation,RO,0.35899282732897897
2035,CO2,Transportation,RO,0.08260513753950746
2040,CO2,Transportation,RO,0.06938886153147984
2045,CO2,Transportation,RO,0.06792770400643042
2050,CO2,Transportation,RO,0.013109182059401184
2018,CO2,Resources,RO,0.0
2025,CO2,Resources,RO,0.0
2030,CO2,Resources,RO,0.0
2035,CO2,Resources,RO,0.0
2040,CO2,Resources,RO,0.0
2045,CO2,Resources,RO,0.0
2050,CO2,Resources,RO,0.0
2018,CO2,Storages,RO,0.0
2025,CO2,Storages,RO,0.0
2030,CO2,Storages,RO,0.0
2035,CO2,Storages,RO,0.0
2040,CO2,Storages,RO,0.0
2045,CO2,Storages,RO,0.0
2050,CO2,Storages,RO,0.0
2018,CO2,Transformation,RO,0.0
2025,CO2,Transformation,RO,0.0
2030,CO2,Transformation,RO,0.0
2035,CO2,Transformation,RO,0.0
2040,CO2,Transformation,RO,0.0
2045,CO2,Transformation,RO,0.0
2050,CO2,Transformation,RO,0.0
2018,CO2,CHP,RO,2.818867364476653
2025,CO2,CHP,RO,0.37673548348295965
2030,CO2,CHP,RO,0.0
2035,CO2,CHP,RO,0.0
2040,CO2,CHP,RO,0.0
2045,CO2,CHP,RO,0.0
2050,CO2,CHP,RO,0.0
2018,CO2,Infeasibility,RO,0.0
2025,CO2,Infeasibility,RO,0.0
2030,CO2,Infeasibility,RO,0.0
2035,CO2,Infeasibility,RO,0.0
2040,CO2,Infeasibility,RO,0.0
2045,CO2,Infeasibility,RO,0.0
2050,CO2,Infeasibility,RO,0.0
2018,CO2,Power,SE,0.0
2025,CO2,Power,SE,0.0
2030,CO2,Power,SE,0.0
2035,CO2,Power,SE,0.0
2040,CO2,Power,SE,0.0
2045,CO2,Power,SE,0.0
2050,CO2,Power,SE,0.0
2018,CO2,Industry,SE,19.528664764907262
2025,CO2,Industry,SE,0.12252882689481533
2030,CO2,Industry,SE,0.0
2035,CO2,Industry,SE,0.0
2040,CO2,Industry,SE,0.0
2045,CO2,Industry,SE,0.0
2050,CO2,Industry,SE,0.0
2018,CO2,Buildings,SE,10.601907071740303
2025,CO2,Buildings,SE,1.1880537726125548
2030,CO2,Buildings,SE,0.0
2035,CO2,Buildings,SE,0.0
2040,CO2,Buildings,SE,0.0
2045,CO2,Buildings,SE,0.0
2050,CO2,Buildings,SE,0.0
2018,CO2,Transportation,SE,3.2182981861859354
2025,CO2,Transportation,SE,1.6079089328101939
2030,CO2,Transportation,SE,0.3992022794044352
2035,CO2,Transportation,SE,0.03766209911861234
2040,CO2,Transportation,SE,0.014069161199391864
2045,CO2,Transportation,SE,0.013789205295495743
2050,CO2,Transportation,SE,0.013512442501424513
2018,CO2,Resources,SE,0.0
2025,CO2,Resources,SE,0.0
2030,CO2,Resources,SE,0.0
2035,CO2,Resources,SE,0.0
2040,CO2,Resources,SE,0.0
2045,CO2,Resources,SE,0.0
2050,CO2,Resources,SE,0.0
2018,CO2,Storages,SE,0.0
2025,CO2,Storages,SE,0.0
2030,CO2,Storages,SE,0.0
2035,CO2,Storages,SE,0.0
2040,CO2,Storages,SE,0.0
2045,CO2,Storages,SE,0.0
2050,CO2,Storages,SE,0.0
2018,CO2,Transformation,SE,0.0
2025,CO2,Transformation,SE,0.0
2030,CO2,Transformation,SE,0.0
2035,CO2,Transformation,SE,0.0
2040,CO2,Transformation,SE,0.0
2045,CO2,Transformation,SE,0.0
2050,CO2,Transformation,SE,0.0
2018,CO2,CHP,SE,0.0
2025,CO2,CHP,SE,0.0
2030,CO2,CHP,SE,0.0
2035,CO2,CHP,SE,0.0
2040,CO2,CHP,SE,0.0
2045,CO2,CHP,SE,0.0
2050,CO2,CHP,SE,0.0
2018,CO2,Infeasibility,SE,0.0
2025,CO2,Infeasibility,SE,0.0
2030,CO2,Infeasibility,SE,0.0
2035,CO2,Infeasibility,SE,0.0
2040,CO2,Infeasibility,SE,0.0
2045,CO2,Infeasibility,SE,0.0
2050,CO2,Infeasibility,SE,0.0
2018,CO2,Power,SI,1.1679733175833706
2025,CO2,Power,SI,0.0
2030,CO2,Power,SI,0.0
2035,CO2,Power,SI,0.0
2040,CO2,Power,SI,0.0
2045,CO2,Power,SI,0.0
2050,CO2,Power,SI,0.0
2018,CO2,Industry,SI,3.0953079342121783
2025,CO2,Industry,SI,0.13598709198422257
2030,CO2,Industry,SI,0.0
2035,CO2,Industry,SI,0.0
2040,CO2,Industry,SI,0.0
2045,CO2,Industry,SI,0.0
2050,CO2,Industry,SI,0.0
2018,CO2,Buildings,SI,1.374105437764204
2025,CO2,Buildings,SI,0.0
2030,CO2,Buildings,SI,0.0
2035,CO2,Buildings,SI,0.0
2040,CO2,Buildings,SI,0.0
2045,CO2,Buildings,SI,0.0
2050,CO2,Buildings,SI,0.0
2018,CO2,Transportation,SI,0.6814029011109265
2025,CO2,Transportation,SI,0.12212103280482953
2030,CO2,Transportation,SI,0.08623309317653768
2035,CO2,Transportation,SI,0.007749778635789399
2040,CO2,Transportation,SI,0.003148116821878632
2045,CO2,Transportation,SI,0.003085473862717875
2050,CO2,Transportation,SI,0.0030235453941092815
2018,CO2,Resources,SI,0.0
2025,CO2,Resources,SI,0.0
2030,CO2,Resources,SI,0.0
2035,CO2,Resources,SI,0.0
2040,CO2,Resources,SI,0.0
2045,CO2,Resources,SI,0.0
2050,CO2,Resources,SI,0.0
2018,CO2,Storages,SI,0.0
2025,CO2,Storages,SI,0.0
2030,CO2,Storages,SI,0.0
2035,CO2,Storages,SI,0.0
2040,CO2,Storages,SI,0.0
2045,CO2,Storages,SI,0.0
2050,CO2,Storages,SI,0.0
2018,CO2,Transformation,SI,0.0
2025,CO2,Transformation,SI,0.0
2030,CO2,Transformation,SI,0.0
2035,CO2,Transformation,SI,0.0
2040,CO2,Transformation,SI,0.0
2045,CO2,Transformation,SI,0.0
2050,CO2,Transformation,SI,0.0
2018,CO2,CHP,SI,0.22464790680961286
2025,CO2,CHP,SI,0.06814858563888739
2030,CO2,CHP,SI,0.0
2035,CO2,CHP,SI,0.0
2040,CO2,CHP,SI,0.0
2045,CO2,CHP,SI,0.0
2050,CO2,CHP,SI,0.0
2018,CO2,Infeasibility,SI,0.0
2025,CO2,Infeasibility,SI,0.0
2030,CO2,Infeasibility,SI,0.0
2035,CO2,Infeasibility,SI,0.0
2040,CO2,Infeasibility,SI,0.0
2045,CO2,Infeasibility,SI,0.0
2050,CO2,Infeasibility,SI,0.0
2018,CO2,Power,SK,1.101887238144
2025,CO2,Power,SK,0.0
2030,CO2,Power,SK,0.0
2035,CO2,Power,SK,0.0
2040,CO2,Power,SK,0.0
2045,CO2,Power,SK,0.0
2050,CO2,Power,SK,0.0
2018,CO2,Industry,SK,17.854564684533855
2025,CO2,Industry,SK,1.759854631845223
2030,CO2,Industry,SK,0.0
2035,CO2,Industry,SK,0.0
2040,CO2,Industry,SK,0.0
2045,CO2,Industry,SK,0.0
2050,CO2,Industry,SK,0.0
2018,CO2,Buildings,SK,6.631742574092111
2025,CO2,Buildings,SK,0.0
2030,CO2,Buildings,SK,0.0
2035,CO2,Buildings,SK,0.0
2040,CO2,Buildings,SK,0.0
2045,CO2,Buildings,SK,0.0
2050,CO2,Buildings,SK,0.0
2018,CO2,Transportation,SK,1.0444573622673812
2025,CO2,Transportation,SK,0.19390830911806303
2030,CO2,Transportation,SK,0.12753237158677613
2035,CO2,Transportation,SK,0.014334565133188969
2040,CO2,Transportation,SK,0.00790302213886488
2045,CO2,Transportation,SK,0.0077398930746682415
2050,CO2,Transportation,SK,0.003682493807758337
2018,CO2,Resources,SK,0.0
2025,CO2,Resources,SK,0.0
2030,CO2,Resources,SK,0.0
2035,CO2,Resources,SK,0.0
2040,CO2,Resources,SK,0.0
2045,CO2,Resources,SK,0.0
2050,CO2,Resources,SK,0.0
2018,CO2,Storages,SK,0.0
2025,CO2,Storages,SK,0.0
2030,CO2,Storages,SK,0.0
2035,CO2,Storages,SK,0.0
2040,CO2,Storages,SK,0.0
2045,CO2,Storages,SK,0.0
2050,CO2,Storages,SK,0.0
2018,CO2,Transformation,SK,0.0
2025,CO2,Transformation,SK,0.0
2030,CO2,Transformation,SK,0.0
2035,CO2,Transformation,SK,0.0
2040,CO2,Transformation,SK,0.0
2045,CO2,Transformation,SK,0.0
2050,CO2,Transformation,SK,0.0
2018,CO2,CHP,SK,0.6826168070693475
2025,CO2,CHP,SK,0.28139531063701867
2030,CO2,CHP,SK,0.0
2035,CO2,CHP,SK,0.0
2040,CO2,CHP,SK,0.0
2045,CO2,CHP,SK,0.0
2050,CO2,CHP,SK,0.0
2018,CO2,Infeasibility,SK,0.0
2025,CO2,Infeasibility,SK,0.0
2030,CO2,Infeasibility,SK,0.0
2035,CO2,Infeasibility,SK,0.0
2040,CO2,Infeasibility,SK,0.0
2045,CO2,Infeasibility,SK,0.0
2050,CO2,Infeasibility,SK,0.0
2018,CO2,Power,TR,93.98922915450667
2025,CO2,Power,TR,0.0
2030,CO2,Power,TR,0.0
2035,CO2,Power,TR,0.0
2040,CO2,Power,TR,0.0
2045,CO2,Power,TR,0.0
2050,CO2,Power,TR,0.0
2018,CO2,Industry,TR,69.05862055571431
2025,CO2,Industry,TR,0.14035099032278286
2030,CO2,Industry,TR,0.0
2035,CO2,Industry,TR,0.0
2040,CO2,Industry,TR,0.0
2045,CO2,Industry,TR,0.0
2050,CO2,Industry,TR,0.0
2018,CO2,Buildings,TR,102.53532606970704
2025,CO2,Buildings,TR,0.0
2030,CO2,Buildings,TR,0.0
2035,CO2,Buildings,TR,0.0
2040,CO2,Buildings,TR,0.0
2045,CO2,Buildings,TR,0.0
2050,CO2,Buildings,TR,0.0
2018,CO2,Transportation,TR,13.38470372536104
2025,CO2,Transportation,TR,2.493668066780465
2030,CO2,Transportation,TR,1.8585049971538732
2035,CO2,Transportation,TR,0.21934892839523662
2040,CO2,Transportation,TR,0.12989087786209652
2045,CO2,Transportation,TR,0.12723201273237067
2050,CO2,Transportation,TR,0.07534087093473736
2018,CO2,Resources,TR,0.0
2025,CO2,Resources,TR,0.0
2030,CO2,Resources,TR,0.0
2035,CO2,Resources,TR,0.0
2040,CO2,Resources,TR,0.0
2045,CO2,Resources,TR,0.0
2050,CO2,Resources,TR,0.0
2018,CO2,Storages,TR,0.0
2025,CO2,Storages,TR,0.0
2030,CO2,Storages,TR,0.0
2035,CO2,Storages,TR,0.0
2040,CO2,Storages,TR,0.0
2045,CO2,Storages,TR,0.0
2050,CO2,Storages,TR,0.0
2018,CO2,Transformation,TR,0.0
2025,CO2,Transformation,TR,0.0
2030,CO2,Transformation,TR,0.0
2035,CO2,Transformation,TR,0.0
2040,CO2,Transformation,TR,0.0
2045,CO2,Transformation,TR,0.0
2050,CO2,Transformation,TR,0.0
2018,CO2,CHP,TR,14.302893301117905
2025,CO2,CHP,TR,0.0
2030,CO2,CHP,TR,0.0
2035,CO2,CHP,TR,0.0
2040,CO2,CHP,TR,0.0
2045,CO2,CHP,TR,0.0
2050,CO2,CHP,TR,0.0
2018,CO2,Infeasibility,TR,0.0
2025,CO2,Infeasibility,TR,0.0
2030,CO2,Infeasibility,TR,0.0
2035,CO2,Infeasibility,TR,0.0
2040,CO2,Infeasibility,TR,0.0
2045,CO2,Infeasibility,TR,0.0
2050,CO2,Infeasibility,TR,0.0
2018,CO2,Power,UK,33.553196077087286
2025,CO2,Power,UK,0.0
2030,CO2,Power,UK,0.0
2035,CO2,Power,UK,0.0
2040,CO2,Power,UK,0.0
2045,CO2,Power,UK,0.0
2050,CO2,Power,UK,0.0
2018,CO2,Industry,UK,101.85693685516335
2025,CO2,Industry,UK,9.161900174847403
2030,CO2,Industry,UK,4.485757009987555
2035,CO2,Industry,UK,3.360378507791358
2040,CO2,Industry,UK,0.17073075313846767
2045,CO2,Industry,UK,0.0
2050,CO2,Industry,UK,0.0
2018,CO2,Buildings,UK,49.36027878801059
2025,CO2,Buildings,UK,1.3432506115650795
2030,CO2,Buildings,UK,0.0
2035,CO2,Buildings,UK,0.0
2040,CO2,Buildings,UK,0.0
2045,CO2,Buildings,UK,0.0
2050,CO2,Buildings,UK,0.0
2018,CO2,Transportation,UK,10.240544223561658
2025,CO2,Transportation,UK,3.886267000243735
2030,CO2,Transportation,UK,1.1859573429989183
2035,CO2,Transportation,UK,0.11188807878540556
2040,CO2,Transportation,UK,0.02922257383543942
2045,CO2,Transportation,UK,0.02864108699650654
2050,CO2,Transportation,UK,0.028066232456848646
2018,CO2,Resources,UK,0.0
2025,CO2,Resources,UK,0.0
2030,CO2,Resources,UK,0.0
2035,CO2,Resources,UK,0.0
2040,CO2,Resources,UK,0.0
2045,CO2,Resources,UK,0.0
2050,CO2,Resources,UK,0.0
2018,CO2,Storages,UK,0.0
2025,CO2,Storages,UK,0.0
2030,CO2,Storages,UK,0.0
2035,CO2,Storages,UK,0.0
2040,CO2,Storages,UK,0.0
2045,CO2,Storages,UK,0.0
2050,CO2,Storages,UK,0.0
2018,CO2,Transformation,UK,0.0
2025,CO2,Transformation,UK,0.0
2030,CO2,Transformation,UK,0.0
2035,CO2,Transformation,UK,0.0
2040,CO2,Transformation,UK,0.0
2045,CO2,Transformation,UK,0.0
2050,CO2,Transformation,UK,0.0
2018,CO2,CHP,UK,8.78197487963819
2025,CO2,CHP,UK,-7.314569433407254
2030,CO2,CHP,UK,-3.6043088031991397
2035,CO2,CHP,UK,-3.6878733525741785
2040,CO2,CHP,UK,-33.458245914429746
2045,CO2,CHP,UK,-33.09073386283193
2050,CO2,CHP,UK,-31.309315365446956
2018,CO2,Infeasibility,UK,0.0
2025,CO2,Infeasibility,UK,0.0
2030,CO2,Infeasibility,UK,0.0
2035,CO2,Infeasibility,UK,0.0
2040,CO2,Infeasibility,UK,0.0
2045,CO2,Infeasibility,UK,0.0
2050,CO2,Infeasibility,UK,0.0
2018,CO2,Power,NONEU_Balkan,10.4284069742471
2025,CO2,Power,NONEU_Balkan,0.0
2030,CO2,Power,NONEU_Balkan,0.0
2035,CO2,Power,NONEU_Balkan,0.0
2040,CO2,Power,NONEU_Balkan,0.0
2045,CO2,Power,NONEU_Balkan,0.0
2050,CO2,Power,NONEU_Balkan,0.0
2018,CO2,Industry,NONEU_Balkan,8.967445539646056
2025,CO2,Industry,NONEU_Balkan,0.03727652789252909
2030,CO2,Industry,NONEU_Balkan,0.0
2035,CO2,Industry,NONEU_Balkan,0.0
2040,CO2,Industry,NONEU_Balkan,0.0
2045,CO2,Industry,NONEU_Balkan,0.0
2050,CO2,Industry,NONEU_Balkan,0.0
2018,CO2,Buildings,NONEU_Balkan,3.4380435366157216
2025,CO2,Buildings,NONEU_Balkan,0.0
2030,CO2,Buildings,NONEU_Balkan,0.0
2035,CO2,Buildings,NONEU_Balkan,0.0
2040,CO2,Buildings,NONEU_Balkan,0.0
2045,CO2,Buildings,NONEU_Balkan,0.0
2050,CO2,Buildings,NONEU_Balkan,0.0
2018,CO2,Transportation,NONEU_Balkan,1.9178187668481084
2025,CO2,Transportation,NONEU_Balkan,0.34001596127648887
2030,CO2,Transportation,NONEU_Balkan,0.22719468391804942
2035,CO2,Transportation,NONEU_Balkan,0.035005746031449625
2040,CO2,Transportation,NONEU_Balkan,0.01988950475871791
2045,CO2,Transportation,NONEU_Balkan,0.019472260564830004
2050,CO2,Transportation,NONEU_Balkan,0.004809039278174812
2018,CO2,Resources,NONEU_Balkan,0.0
2025,CO2,Resources,NONEU_Balkan,0.0
2030,CO2,Resources,NONEU_Balkan,0.0
2035,CO2,Resources,NONEU_Balkan,0.0
2040,CO2,Resources,NONEU_Balkan,0.0
2045,CO2,Resources,NONEU_Balkan,0.0
2050,CO2,Resources,NONEU_Balkan,0.0
2018,CO2,Storages,NONEU_Balkan,0.0
2025,CO2,Storages,NONEU_Balkan,0.0
2030,CO2,Storages,NONEU_Balkan,0.0
2035,CO2,Storages,NONEU_Balkan,0.0
2040,CO2,Storages,NONEU_Balkan,0.0
2045,CO2,Storages,NONEU_Balkan,0.0
2050,CO2,Storages,NONEU_Balkan,0.0
2018,CO2,Transformation,NONEU_Balkan,0.0
2025,CO2,Transformation,NONEU_Balkan,0.0
2030,CO2,Transformation,NONEU_Balkan,0.0
2035,CO2,Transformation,NONEU_Balkan,0.0
2040,CO2,Transformation,NONEU_Balkan,0.0
2045,CO2,Transformation,NONEU_Balkan,0.0
2050,CO2,Transformation,NONEU_Balkan,0.0
2018,CO2,CHP,NONEU_Balkan,0.0
2025,CO2,CHP,NONEU_Balkan,0.0
2030,CO2,CHP,NONEU_Balkan,0.0
2035,CO2,CHP,NONEU_Balkan,0.0
2040,CO2,CHP,NONEU_Balkan,0.0
2045,CO2,CHP,NONEU_Balkan,0.0
2050,CO2,CHP,NONEU_Balkan,0.0
2018,CO2,Infeasibility,NONEU_Balkan,0.0
2025,CO2,Infeasibility,NONEU_Balkan,0.0
2030,CO2,Infeasibility,NONEU_Balkan,0.0
2035,CO2,Infeasibility,NONEU_Balkan,0.0
2040,CO2,Infeasibility,NONEU_Balkan,0.0
2045,CO2,Infeasibility,NONEU_Balkan,0.0
2050,CO2,Infeasibility,NONEU_Balkan,0.0
